iteration,route_costs,assignment_costs,inventory_costs,waste_costs,total_cost,transportation_costs
iteration_1,1516.1853891899998,20689.743878472458,19248.516000000003,24360.360357319998,66732.94665298183,918.1410279993785
