iteration,route_costs,assignment_costs,transportation_costs,inventory_costs,waste_costs,total_cost
iteration_1,1497.80174201,8691.19021608278,1216.811894889744,19516.511999999984,27060.943292860007,57983.259145842516
iteration_2,1749.3344852199998,10312.168113339003,1248.8147797838965,19323.587999999985,29127.71594761,61761.62132595289
iteration_3,1686.5530218099998,10092.281889674088,1359.3937368334468,19357.535999999996,25187.06941922,57682.83406753753
